projectID,formatted_address,geometry,name,num_results,place_id,place_ok,search_api_calls,search_method,search_status,search_text,search_time,sim_score,types
26WIMPI-S04CSTL9,"39020 Ciardes South Tyrol, Italy","{'location': {'lat': 46.6383258, 'lng': 10.9413657}, 'viewport': {'northeast': {'lat': 46.643075, 'lng': 10.9531438}, 'southwest': {'lat': 46.6341354, 'lng': 10.9349313}}}",Ciardes,1,ChIJY2wDrSXCgkcRE9OQAyk-4ag,False,3,find_place,BUST,"Castelbello, Italy",1/29/2021 15:41,0.333333333,"['locality', 'political']"
26WIMPI-S04RPST7,"Puster Valley, 39038 Innichen, South Tyrol, Italy","{'location': {'lat': 46.75, 'lng': 12.3333333}, 'viewport': {'northeast': {'lat': 46.7576447, 'lng': 12.3493407}, 'southwest': {'lat': 46.7423542, 'lng': 12.3173259}}}",Puster Valley,1,ChIJqeY0niPVeUcRb-YDgVR3XHU,True,2,find_place,OK,"Pusteria, Italy",1/29/2021 15:41,0.666666667,"['natural_feature', 'establishment']"
26WIMPI-S15SCPRH,"81056 Sparanise, Province of Caserta, Italy","{'location': {'lat': 41.1933964, 'lng': 14.099336}, 'viewport': {'northeast': {'lat': 41.1963246, 'lng': 14.1074421}, 'southwest': {'lat': 41.174543, 'lng': 14.0844936}}}",Sparanise,1,ChIJiQJuUTTlOhMRZ4ZI_YfKubw,True,1,find_place,OK,"Sparanise electric power plant, Italy",1/29/2021 15:41,1.0,"['locality', 'political']"
26WIMPI-S11VNMRS,"63095 Venamartello, Province of Ascoli Piceno, Italy","{'location': {'lat': 42.7896735, 'lng': 13.4164107}, 'viewport': {'northeast': {'lat': 42.79108407989272, 'lng': 13.4180434}, 'southwest': {'lat': 42.78838442010728, 'lng': 13.4147055}}}",Venamartello,1,ChIJF0eN9rcbLhMRyHO0TKJTWoI,True,2,find_place,OK,"Venamartello, Italy",1/29/2021 15:41,1.0,"['locality', 'political']"
26WIMPI-S08ERNPQ,"Ravenna, Province of Ravenna, Italy","{'location': {'lat': 44.4183598, 'lng': 12.2035294}, 'viewport': {'northeast': {'lat': 44.4405473, 'lng': 12.2342168}, 'southwest': {'lat': 44.3841368, 'lng': 12.1668015}}}",Ravenna,1,ChIJF9okWlD5fUcRdqdUnDyjdCo,True,2,find_place,OK,"Ravenna, Italy",1/29/2021 16:52,1.0,"['locality', 'political']"
18WARCOS3-123-0Z,"11630 Arcos de la Frontera, Cádiz, Spain","{'location': {'lat': 36.7560042, 'lng': -5.8116522}, 'viewport': {'northeast': {'lat': 36.7628425, 'lng': -5.7909321}, 'southwest': {'lat': 36.7402313, 'lng': -5.8251445}}}",Arcos de la Frontera,1,ChIJgSwaqWehDQ0RHIzczYu8Ua0,True,2,find_place,OK,"Arcos, Spain",1/29/2021 17:22,0.4,"['locality', 'political']"
26WIMPI-S01FNDVN,"28863 Fondovalle Province of Verbano-Cusio-Ossola, Italy","{'location': {'lat': 46.3422566, 'lng': 8.4244805}, 'viewport': {'northeast': {'lat': 46.349959, 'lng': 8.440487899999999}, 'southwest': {'lat': 46.33455319999999, 'lng': 8.4084731}}}",Fondovalle,1,ChIJdXCQPuCPhUcRw5CrFh3on-A,True,2,find_place,OK,"Fondovalle, Italy",1/29/2021 17:22,1.0,"['locality', 'political']"
50WP00000000299J,"4460 Moi, Norway","{'location': {'lat': 58.4653007, 'lng': 6.543993599999999}, 'viewport': {'northeast': {'lat': 58.46661472989272, 'lng': 6.545116429892722}, 'southwest': {'lat': 58.46391507010728, 'lng': 6.542416770107279}}}",Hylen power plant,1,ChIJ7bO-A0XpOUYR4VmU0u_bQRg,True,1,find_place,OK,"Hylen hydroelectric dam, Norway",1/29/2021 17:22,0.625,"['point_of_interest', 'establishment']"
17W100P100P0317G,"38350 Cognet, France","{'location': {'lat': 44.88076299999999, 'lng': 5.777848}, 'viewport': {'northeast': {'lat': 44.89114499999999, 'lng': 5.787367}, 'southwest': {'lat': 44.871933, 'lng': 5.760805}}}",Cognet,1,ChIJZ8LwOqZ_ikcR4Hu-5CqrCAQ,True,2,find_place,OK,"Pierre Cognet, France",1/29/2021 17:22,0.6315789470000001,"['locality', 'political']"
11WD4WEHR1HS---G,"Säckinger Str. 67, 79725 Laufenburg, Germany","{'location': {'lat': 47.5573968, 'lng': 8.0454952}, 'viewport': {'northeast': {'lat': 47.55874662989272, 'lng': 8.04684502989272}, 'southwest': {'lat': 47.55604697010727, 'lng': 8.044145370107277}}}",Schluchseewerk AG,1,ChIJx34yBNhFkEcRl-UB62z0pUw,True,1,find_place,OK,"Schluchseewerk Ag hydroelectric dam, Germany",1/29/2021 17:22,0.9032258064516128,"['point_of_interest', 'establishment']"
18WSBEU-12345-0Q,"Sil, Spain","{'location': {'lat': 42.5218858, 'lng': -6.8024172}, 'viewport': {'northeast': {'lat': 43.04830560000001, 'lng': -6.1102943}, 'southwest': {'lat': 42.3628592, 'lng': -7.719945399999999}}}",Sil,1,ChIJaetCJ1iXMA0RO7Ri_VYbUDo,True,5,find_place,OK,"Sil, Spain",1/29/2021 17:22,0.46153846200000004,"['natural_feature', 'establishment']"
47W000000000163L,"Tawnaghmore Upper, Co. Mayo, Ireland","{'location': {'lat': 54.1934, 'lng': -9.2206}, 'viewport': {'northeast': {'lat': 54.19502482989272, 'lng': -9.218881370107278}, 'southwest': {'lat': 54.19232517010727, 'lng': -9.221581029892722}}}",Tawnaghmore Power Station,1,ChIJJypHhmw6WUgRi95m2x2rICk,True,1,find_place,OK,"Tawnaghmore Production electric power plant, Ireland",1/29/2021 17:22,0.7333333329999999,"['point_of_interest', 'establishment']"
26WIMPI-S19TCRMT,"90018 Termini Imerese, PA, Italy","{'location': {'lat': 37.984023, 'lng': 13.6961892}, 'viewport': {'northeast': {'lat': 37.992521, 'lng': 13.7213773}, 'southwest': {'lat': 37.972624, 'lng': 13.6761875}}}",Termini Imerese,1,ChIJBVg2mE9QFxMREdkWTPiI-Mg,True,2,find_place,OK,"Termini Imerese, Italy",1/29/2021 17:22,1.0,"['locality', 'political']"
26WIMPI-S12ADRR4,"00054 Fiumicino, Metropolitan City of Rome, Italy","{'location': {'lat': 41.7735409, 'lng': 12.2397117}, 'viewport': {'northeast': {'lat': 41.8046572, 'lng': 12.2692969}, 'southwest': {'lat': 41.7698561, 'lng': 12.2178327}}}",Fiumicino,1,ChIJ-xffVIH6JRMRiKazd9npF40,True,4,find_place,OK,"Fiumicino, Italy",1/29/2021 17:27,0.642857143,"['locality', 'political']"
26WIMPI-S11ACPNS,"Via Dante Alighieri, 27, 36065 Mussolente VI, Italy","{'location': {'lat': 45.7742118, 'lng': 11.8030405}, 'viewport': {'northeast': {'lat': 45.77551437989272, 'lng': 11.80394442989272}, 'southwest': {'lat': 45.77281472010728, 'lng': 11.80124477010728}}}",A.P.I. Applications Plastics Industriali Spa,1,ChIJRQY5QYzZeEcRgWE6fgxyxXw,False,3,find_place,BUST,"Api, Italy",1/29/2021 17:27,0.130434783,"['point_of_interest', 'establishment']"
26WIMPI-S16CNDLL,"SP102, 71024 Deliceto FG, Italy","{'location': {'lat': 41.20151509999999, 'lng': 15.4766578}, 'viewport': {'northeast': {'lat': 41.20248227989272, 'lng': 15.47743532989272}, 'southwest': {'lat': 41.19978262010727, 'lng': 15.47473567010728}}}",Centrale Edison Candela,1,ChIJme7555XAORMR24hASUEeZmY,True,1,find_place,OK,"Candela gas-fired power station, Italy",1/29/2021 17:27,0.46666666700000003,"['point_of_interest', 'establishment']"
18WDUEB-12345-0Z,Douro River,"{'location': {'lat': 41.5012768, 'lng': -5.512293199999999}, 'viewport': {'northeast': {'lat': 42.0427192, 'lng': -2.302446}, 'southwest': {'lat': 40.9685019, 'lng': -8.6820636}}}",Douro River,1,ChIJ3VfstQ1nOQ0Ry_OLW8CmvJg,False,3,find_place,BUST,"Duero, Spain",1/29/2021 17:27,0.5,"['natural_feature', 'establishment']"
26WIMPI-0043227A,"03040 San Vittore del Lazio, Province of Frosinone, Italy","{'location': {'lat': 41.4601815, 'lng': 13.9319409}, 'viewport': {'northeast': {'lat': 41.4666065, 'lng': 13.9405896}, 'southwest': {'lat': 41.4549211, 'lng': 13.9277327}}}",San Vittore del Lazio,1,ChIJOTrCP-GVOhMRzZ1H0SYJ6PQ,True,7,find_place,OK,"Vittore, Italy",1/29/2021 17:27,0.731707317,"['locality', 'political']"
26WIMPI-S03BBSR5,"Via Luigi Goltara, 24127 Bergamo BG, Italy","{'location': {'lat': 45.6702698, 'lng': 9.6389877}, 'viewport': {'northeast': {'lat': 45.67161857989272, 'lng': 9.640382579892723}, 'southwest': {'lat': 45.66891892010728, 'lng': 9.63768292010728}}}",Bergamo ecological Platform,1,ChIJ3eoAeY1RgUcRAtLL9O1Os-s,False,3,find_place,BUST,"Goltara, Italy",1/29/2021 17:28,0.341463415,"['point_of_interest', 'establishment']"
38W-MT--AREJ---M,"Kirdalu, 75505 Harju maakond, Estonia","{'location': {'lat': 59.2442187, 'lng': 24.7038979}, 'viewport': {'northeast': {'lat': 59.24565787989273, 'lng': 24.70533052989272}, 'southwest': {'lat': 59.24295822010728, 'lng': 24.70263087010728}}}",Kiisa AREJ,1,ChIJpYyBfNTGkkYRj20ASSqs5oM,True,1,find_place,OK,"Kiisa Arej gas-fired power station, Estonia",1/29/2021 17:28,1.0,"['point_of_interest', 'establishment']"
11WD4KKP21N-S--O,"Rheinschanzinsel, 76661 Philippsburg, Germany","{'location': {'lat': 49.25162479999999, 'lng': 8.439872}, 'viewport': {'northeast': {'lat': 49.25263767989271, 'lng': 8.440684449999997}, 'southwest': {'lat': 49.24993802010727, 'lng': 8.437434650000002}}}",Philippsburg Nuclear Power Plant,1,ChIJmdqefqOxl0cRcKEhAzxX1NU,True,1,find_place,OK,"Kkw Philippsburg nuclear plant, Germany",1/29/2021 17:28,0.5714285714285714,"['point_of_interest', 'establishment']"
46WPU0000000031Y,"962 99 Ligga, Sweden","{'location': {'lat': 66.7799974, 'lng': 19.9430221}, 'viewport': {'northeast': {'lat': 66.7843962, 'lng': 19.9590295}, 'southwest': {'lat': 66.7755978, 'lng': 19.9270147}}}",Ligga,1,ChIJSYCV0T-v10URYdaoRxz154U,True,2,find_place,OK,"Ligga, Sweden",1/29/2021 17:28,1.0,"['locality', 'political']"
26WIMPI-S03XMCMK,"23020 Mese, Province of Sondrio, Italy","{'location': {'lat': 46.3071989, 'lng': 9.379607199999999}, 'viewport': {'northeast': {'lat': 46.3243162, 'lng': 9.392559499999999}, 'southwest': {'lat': 46.2947335, 'lng': 9.353493499999999}}}",Mese,1,ChIJ21QrD4xnhEcRcO5mLgJ4BgQ,True,2,find_place,OK,"Mese, Italy",1/29/2021 17:28,1.0,"['administrative_area_level_3', 'political']"
11WD2SRKW000345J,"Sandreuth, Nuremberg, Germany","{'location': {'lat': 49.4311763, 'lng': 11.0599027}, 'viewport': {'northeast': {'lat': 49.441001, 'lng': 11.0633211}, 'southwest': {'lat': 49.428247, 'lng': 11.054932}}}",Sandreuth,1,ChIJKxd-rh1Xn0cRQW9P3FXoZj8,True,2,find_place,OK,"Nürnberg Sandreuth, Germany",1/29/2021 17:28,0.666666667,"['sublocality_level_2', 'sublocality', 'political']"
12W-0000000031-O,"Grimselstrasse 19, 3862 Innertkirchen, Switzerland","{'location': {'lat': 46.7010666, 'lng': 8.2329054}, 'viewport': {'northeast': {'lat': 46.70234937989272, 'lng': 8.23431737989272}, 'southwest': {'lat': 46.69964972010727, 'lng': 8.231617720107275}}}","Kraftwerke Oberhasli AG, KWO",1,ChIJ-wakVkaPj0cRR_ZImw36nHg,True,1,find_place,OK,"Kw Oberhasli Ag Kwo hydroelectric dam, Switzerland",1/29/2021 17:28,0.65,"['point_of_interest', 'establishment']"
26WIMPI-S03RCSL7,"14047 Resio, Province of Asti, Italy","{'location': {'lat': 44.8254715, 'lng': 8.2755569}, 'viewport': {'northeast': {'lat': 44.82702592989272, 'lng': 8.277403}, 'southwest': {'lat': 44.82432627010728, 'lng': 8.2742496}}}",Resio,1,ChIJtcVsemmOh0cRxgI1EbYEXIw,True,2,find_place,OK,"Resio, Italy",1/29/2021 17:28,1.0,"['locality', 'political']"
50WP00000000617V,"Valjord, 8226 Straumen, Norway","{'location': {'lat': 67.3601305, 'lng': 15.5887862}, 'viewport': {'northeast': {'lat': 67.36146832989272, 'lng': 15.59016272989272}, 'southwest': {'lat': 67.35876867010727, 'lng': 15.58746307010728}}}",Siso Energi AS,1,ChIJcxhaRcYq30URy4TzZYkPxuI,True,2,find_place,OK,"Siso, Norway",1/29/2021 17:28,0.444444444,"['point_of_interest', 'establishment']"
28W-G-000000080M,"Termoelekrarna Šoštanj, Cesta Lole Ribarja 18, 3325 Šoštanj, Slovenia","{'location': {'lat': 46.3740381, 'lng': 15.0514274}, 'viewport': {'northeast': {'lat': 46.37558437989272, 'lng': 15.05287992989272}, 'southwest': {'lat': 46.37288472010727, 'lng': 15.05018027010728}}}",Termoelektrarna Šoštanj d.o.o.,1,ChIJ1dNMcAheZUcRcuH6OwRWTZM,False,3,find_place,BUST,"Teš, Slovenia",1/29/2021 17:28,0.1875,"['point_of_interest', 'establishment']"
18WARRU1-1234-0J,"26151 Arrúbal, La Rioja, Spain","{'location': {'lat': 42.434452, 'lng': -2.2519623}, 'viewport': {'northeast': {'lat': 42.4376626, 'lng': -2.2456404}, 'southwest': {'lat': 42.4319315, 'lng': -2.2542871}}}",Arrúbal,1,ChIJHVTVbTmkWg0RrAAK7RCJqGE,True,2,find_place,OK,"Arrubal, Spain",1/29/2021 17:47,0.857142857,"['locality', 'political']"
50WP00000000872F,"Askara, 6737 Ålfoten, Norway","{'location': {'lat': 61.78333329999999, 'lng': 5.6666667}, 'viewport': {'northeast': {'lat': 61.78860839999999, 'lng': 5.6826741}, 'southwest': {'lat': 61.77805730000001, 'lng': 5.6506593}}}",Askara,1,ChIJIfza_O2tF0YRHGim6SYSSZQ,True,2,find_place,OK,"Askara, Norway",1/29/2021 17:47,1.0,"['natural_feature', 'establishment']"
32W001100100233F,"Galabovo, Bulgaria","{'location': {'lat': 42.154658, 'lng': 25.9076141}, 'viewport': {'northeast': {'lat': 42.15586057989272, 'lng': 25.9107101}, 'southwest': {'lat': 42.15316092010728, 'lng': 25.9065821}}}",Brikel,1,ChIJVajXbk7jp0ARzd2Ba_MJrgc,True,2,find_place,OK,"Brikel, Bulgaria",1/29/2021 17:47,1.0,"['point_of_interest', 'establishment']"
11WD2BRKW000294C,"25576, Osterende, 25576 Brokdorf, Germany","{'location': {'lat': 53.8505665, 'lng': 9.3458223}, 'viewport': {'northeast': {'lat': 53.85168492989272, 'lng': 9.34728502989272}, 'southwest': {'lat': 53.84898527010727, 'lng': 9.344585370107277}}}",Kernkraftwerk Brokdorf,2,ChIJkxpoC57ds0cRFIkSE1EPFpk,True,1,find_place,OK,"Brokdorf nuclear plant, Germany",1/29/2021 17:47,0.533333333,"['point_of_interest', 'establishment']"
26WIMPI-S18TECTL,"Via Giovanni Boccaccio, 38, 50041 Calenzano FI, Italy","{'location': {'lat': 43.8494267, 'lng': 11.1751462}, 'viewport': {'northeast': {'lat': 43.85077652989271, 'lng': 11.17649602989272}, 'southwest': {'lat': 43.84807687010726, 'lng': 11.17379637010728}}}",CDR Italy,1,ChIJxVfB8OJXKhMR15tKzXsD0-8,True,2,find_place,OK,"Cdr, Italy",1/29/2021 17:47,0.5,"['point_of_interest', 'establishment']"
26WIMPI-S02CHTLS,"11024 Châtillon, Aosta Valley, Italy","{'location': {'lat': 45.7485816, 'lng': 7.6128015}, 'viewport': {'northeast': {'lat': 45.7596193, 'lng': 7.640771199999999}, 'southwest': {'lat': 45.7418088, 'lng': 7.5932102}}}",Châtillon,1,ChIJSb4yV5nGiEcRDNv3-WMSszo,True,2,find_place,OK,"Chatillon, Italy",1/29/2021 17:47,0.8888888890000001,"['locality', 'political']"
26WIMPI-S01CRGEA,"28866 Crego, Province of Verbano-Cusio-Ossola, Italy","{'location': {'lat': 46.2562721, 'lng': 8.3404354}, 'viewport': {'northeast': {'lat': 46.25719797989272, 'lng': 8.341716929892721}, 'southwest': {'lat': 46.25449832010728, 'lng': 8.339017270107277}}}",Crego,1,ChIJMZC1EFqMhUcRsmZ45rNRnnk,True,2,find_place,OK,"Crego, Italy",1/29/2021 17:47,1.0,"['locality', 'political']"
26WIMPI-S19APGPP,"Nice, France","{'location': {'lat': 43.7101728, 'lng': 7.261953200000001}, 'viewport': {'northeast': {'lat': 43.760905, 'lng': 7.323481099999999}, 'southwest': {'lat': 43.6454759, 'lng': 7.182153}}}",Nice,1,ChIJMS2FahDQzRIRcJqX_aUZCAQ,True,4,find_place,BUST,"Nuce, Italy",1/29/2021 17:47,0.6315789470000001,"['locality', 'political']"
14WLSG-1SUED---5,"Lunzerstraße 90, 4030 Linz, Austria","{'location': {'lat': 48.267835, 'lng': 14.3468105}, 'viewport': {'northeast': {'lat': 48.26943957989273, 'lng': 14.34792647989272}, 'southwest': {'lat': 48.26673992010728, 'lng': 14.34522682010728}}}",Fernheizkraftwerk Linz-Süd,1,ChIJnfYNgwy9c0cR0qd9RslGeNY,True,1,find_place,OK,"Fhkw Linz Süd gas-fired power station, Austria",1/29/2021 17:47,0.514285714,"['point_of_interest', 'establishment']"
26WIMPI-S20F1LMN,"Flumendosa, South Sardinia, Italy","{'location': {'lat': 39.4779846, 'lng': 9.523690199999999}, 'viewport': {'northeast': {'lat': 39.5216223, 'lng': 9.634134999999999}, 'southwest': {'lat': 39.417003, 'lng': 9.411719699999999}}}",Flumendosa,1,ChIJNae1SduZ4BIRKp4R1P3MmSA,True,2,find_place,OK,"Flumendosa, Italy",1/29/2021 17:48,1.0,"['natural_feature', 'establishment']"
26WIMPI-0092784R,"Via Vulcano, 47, 05100 Terni TR, Italy","{'location': {'lat': 42.5741069, 'lng': 12.6757402}, 'location_type': 'ROOFTOP', 'viewport': {'northeast': {'lat': 42.5754558802915, 'lng': 12.6770891802915}, 'southwest': {'lat': 42.5727579197085, 'lng': 12.6743912197085}}}",,1,ChIJTVhOqaX7LhMR4lMqYFs5Pis,False,5,geocode,BUST,"Enersol, Italy",1/29/2021 17:48,0.326530612,"['electrician', 'establishment', 'general_contractor', 'point_of_interest']"
11WD2GHKW000296G,"31860 Emmerthal, Germany","{'location': {'lat': 52.0345525, 'lng': 9.4107749}, 'viewport': {'northeast': {'lat': 52.03565397989272, 'lng': 9.411525279892722}, 'southwest': {'lat': 52.03295432010728, 'lng': 9.408825620107278}}}",Grohnde Nuclear Power Plant,1,ChIJW1QhRXmSukcRQLlHDnF8WLI,True,1,find_place,OK,"Grohnde nuclear plant, Germany",1/29/2021 17:48,0.5,"['point_of_interest', 'establishment']"
11WD2HERR5GKW--1,"Leinhäuser Weg 1A, 30419 Hannover, Germany","{'location': {'lat': 52.3980484, 'lng': 9.678791}, 'viewport': {'northeast': {'lat': 52.40001112989273, 'lng': 9.681050899999997}, 'southwest': {'lat': 52.39731147010728, 'lng': 9.678037700000003}}}",Kraftwerk Herrenhausen,1,ChIJtY23no5zsEcRwaheIQT_l5c,True,2,find_place,OK,"Herrenhausen Kwh, Germany",1/29/2021 17:48,0.6315789470000001,"['point_of_interest', 'establishment']"
11WD8SCHW5X----D,"06682 Teuchern, Germany","{'location': {'lat': 51.1117624, 'lng': 12.0765264}, 'viewport': {'northeast': {'lat': 51.11301492989272, 'lng': 12.07810337989272}, 'southwest': {'lat': 51.11031527010728, 'lng': 12.07540372010728}}}",Industriekraftwerk Deuben,30,ChIJGRLMHBDrpkcR6MupkmvNXSI,True,4,find_place,OK,"Industriekraftwerk, Germany",1/29/2021 17:48,0.808510638,"['point_of_interest', 'establishment']"
46WPU0000000019O,"Järpströmmen, 830 05 Järpen, Sweden","{'location': {'lat': 63.3718361, 'lng': 13.428207}, 'viewport': {'northeast': {'lat': 63.389932, 'lng': 13.4395905}, 'southwest': {'lat': 63.3531241, 'lng': 13.3936573}}}",Järpströmmen,1,ChIJAcYYzqYTbkYRrs2K2OexC5g,True,2,find_place,OK,"Järpströmmen, Sweden",1/29/2021 17:48,1.0,"['natural_feature', 'establishment']"
26WIMPIALENCO-1B,"Via Palù, 570, 23020 Lanzada SO, Italy","{'location': {'lat': 46.2685125, 'lng': 9.876052500000002}, 'viewport': {'northeast': {'lat': 46.27024137989272, 'lng': 9.877051179892723}, 'southwest': {'lat': 46.26754172010727, 'lng': 9.874351520107279}}}",Centrale di Lanzada,1,ChIJ4xaAzBGFg0cRkdFvh4BTCHE,True,1,find_place,OK,"Lanzada hydroelectric dam, Italy",1/29/2021 17:48,0.538461538,"['point_of_interest', 'establishment']"
17W100P100P0229D,"41220 Saint-Laurent-Nouan, France","{'location': {'lat': 47.71981359999999, 'lng': 1.577853}, 'viewport': {'northeast': {'lat': 47.72116342989272, 'lng': 1.579202829892722}, 'southwest': {'lat': 47.71846377010727, 'lng': 1.576503170107278}}}",Centrale Nucléaire de Saint-Laurent-Nouan,1,ChIJaSICxUq95EcRwQr3o4DEhVA,True,1,find_place,OK,"St Laurent nuclear plant, France",1/29/2021 17:48,0.4375,"['point_of_interest', 'establishment']"
11WD7LUDW5GSUEDE,"Ludwigshafen, Germany","{'location': {'lat': 49.47741, 'lng': 8.445179999999999}, 'viewport': {'northeast': {'lat': 49.5479822, 'lng': 8.4770288}, 'southwest': {'lat': 49.426823, 'lng': 8.2981216}}}",Ludwigshafen,1,ChIJY4Hac2nMl0cRwhx3V3rcjjk,True,2,find_place,OK,"Ludwigshafen, Germany",1/29/2021 17:48,1.0,"['locality', 'political']"
26WIMPI-S05MLNOU,"38078 Moline, Trentino, Italy","{'location': {'lat': 46.0841907, 'lng': 10.9241991}, 'viewport': {'northeast': {'lat': 46.08561677989272, 'lng': 10.9256037}, 'southwest': {'lat': 46.08291712010728, 'lng': 10.9220712}}}",Moline,1,ChIJwYZwLU9pgkcRDaIwQ8lUhcA,True,2,find_place,OK,"Moline, Italy",1/29/2021 17:48,1.0,"['locality', 'political']"
11WD7NIED-B-KW-5,"Niederaußem, 50129 Bergheim, Germany","{'location': {'lat': 50.9866606, 'lng': 6.6697881}, 'viewport': {'northeast': {'lat': 51.0009739, 'lng': 6.6882509}, 'southwest': {'lat': 50.9761822, 'lng': 6.6533272}}}",Niederaußem,1,ChIJJ16u9eFHv0cRUOfr4f5gJwo,True,2,find_place,OK,"Niederaussem, Germany",1/29/2021 17:48,0.8695652173913043,"['sublocality_level_1', 'sublocality', 'political']"
26WIMPIOVESCA-1G,"28841 Rovesca, Province of Verbano-Cusio-Ossola, Italy","{'location': {'lat': 46.0567012, 'lng': 8.1237738}, 'viewport': {'northeast': {'lat': 46.05819282989272, 'lng': 8.125155379892721}, 'southwest': {'lat': 46.05549317010728, 'lng': 8.122455720107277}}}",Rovesca,1,ChIJqTnTVZZXj0cRUDqz1n_mBQo,True,2,find_place,OK,"Rovesca, Italy",1/29/2021 17:48,1.0,"['locality', 'political']"
26WIMPI-S08SLSM8,"29024 Salsominore, Province of Piacenza, Italy","{'location': {'lat': 44.6478831, 'lng': 9.4018239}, 'viewport': {'northeast': {'lat': 44.6478839, 'lng': 9.404857}, 'southwest': {'lat': 44.644363, 'lng': 9.4012976}}}",Salsominore,1,ChIJNSn2zLWngEcRu4NiqAtvCaw,True,2,find_place,OK,"Salsominore, Italy",1/29/2021 17:48,1.0,"['locality', 'political']"
26WIMPI-01417304,"Via Eremo delle Carceri, 24, 06081 Assisi PG, Italy","{'location': {'lat': 43.0656998, 'lng': 12.6307364}, 'viewport': {'northeast': {'lat': 43.06711262989272, 'lng': 12.63195732989272}, 'southwest': {'lat': 43.06441297010728, 'lng': 12.62925767010728}}}",Ristorante La Stalla,1,ChIJhdzRLMuCLhMRsAKujtqv0kY,False,3,find_place,BUST,"Stalla, Italy",1/29/2021 17:48,0.46153846200000004,"['restaurant', 'food', 'point_of_interest', 'establishment']"
26WIMPI-S03ATSMM,"Via Malta, 25/R, 25124 Brescia BS, Italy","{'location': {'lat': 45.51297400000001, 'lng': 10.2086292}, 'viewport': {'northeast': {'lat': 45.51433842989272, 'lng': 10.21001707989272}, 'southwest': {'lat': 45.51163877010728, 'lng': 10.20731742010728}}}",A2A Termovalorizzatore Brescia,1,ChIJJb7Z-sJ1gUcRY0NvrhfV_Bc,True,2,find_place,OK,"Termoutilizzatore, Italy",1/29/2021 17:48,0.595744681,"['point_of_interest', 'establishment']"
46WPU0000000027P,"982 99 Gällivare, Sweden","{'location': {'lat': 67.4930546, 'lng': 18.3576714}, 'viewport': {'northeast': {'lat': 67.49436472989272, 'lng': 18.35909182989272}, 'southwest': {'lat': 67.49166507010729, 'lng': 18.35639217010728}}}",Vietas powerhouse,1,ChIJOXCynlOV2UUR5QQC86ri56A,True,1,find_place,OK,"Vietas hydroelectric dam, Sweden",1/29/2021 17:48,0.52173913,"['point_of_interest', 'establishment']"
48WSTN0000WBURB5,"First St SE, Washington, DC 20004, United States","{'location': {'lat': 38.8899389, 'lng': -77.0090505}, 'viewport': {'northeast': {'lat': 38.89121122989272, 'lng': -77.00277249999999}, 'southwest': {'lat': 38.88851157010728, 'lng': -77.0157461}}}",United States Capitol,1,ChIJF8-iISm4t4kRxPgMwfejggQ,False,3,find_place,BUST,"Wburb, United Kingdom",1/29/2021 17:48,0.08,"['tourist_attraction', 'point_of_interest', 'establishment']"
11WD7WEIS-B-KW-C,"Am Kraftwerk 17, 52249 Eschweiler, Germany","{'location': {'lat': 50.836044, 'lng': 6.317466}, 'viewport': {'northeast': {'lat': 50.83748787989271, 'lng': 6.318790479892723}, 'southwest': {'lat': 50.83478822010727, 'lng': 6.316090820107279}}}",RWE Kraftwerk Weisweiler,1,ChIJeTXoGKJgv0cRHM-Fe1YF7ag,True,1,find_place,OK,"Weisweiler coal-fired power station, Germany",1/29/2021 17:48,0.588235294,"['point_of_interest', 'establishment']"
11WD8WILM5O----7,"Forckenbeckstraße 3-5, 14199 Berlin, Germany","{'location': {'lat': 52.4807551, 'lng': 13.3075485}, 'viewport': {'northeast': {'lat': 52.48150517989272, 'lng': 13.30865262989272}, 'southwest': {'lat': 52.47880552010728, 'lng': 13.30595297010728}}}",Power station Berlin-Wilmersdorf,1,ChIJH970tJFQqEcRJPMpXnf7NXY,True,1,find_place,OK,"Wilmersdorf power station, Germany",1/29/2021 17:48,0.594594595,"['point_of_interest', 'establishment']"
26WIMPI-S17AGRIH,"Agri, Province of Matera, Italy","{'location': {'lat': 40.2522196, 'lng': 16.6025864}, 'viewport': {'northeast': {'lat': 40.3008034, 'lng': 16.7411559}, 'southwest': {'lat': 40.21465999999999, 'lng': 16.4634096}}}",Agri,1,ChIJH_KLqX1aRxMRv9-X-LG8KC4,True,2,find_place,OK,"Agri, Italy",1/29/2021 18:18,1.0,"['natural_feature', 'establishment']"
50WP00000000863G,"4420 Åna-Sira, Norway","{'location': {'lat': 58.2924889, 'lng': 6.440261100000001}, 'viewport': {'northeast': {'lat': 58.2983529, 'lng': 6.456268499999999}, 'southwest': {'lat': 58.286624, 'lng': 6.4242537}}}",Åna-Sira,1,ChIJ_ffkBYzjOUYRBvxtL--dmgs,True,2,find_place,OK,"Ana Sira, Norway",1/29/2021 18:18,0.875,"['locality', 'political']"
47W000000000230W,"Ballykeelaun, Ardnacrusha, Co. Clare, Ireland","{'location': {'lat': 52.70553049999999, 'lng': -8.6123452}, 'viewport': {'northeast': {'lat': 52.70647067989272, 'lng': -8.610713220107277}, 'southwest': {'lat': 52.70377102010728, 'lng': -8.61341287989272}}}",Ardnacrusha Hydro Station,1,ChIJbebtZMRdW0gRmW--I8zbqFY,True,1,find_place,OK,"Ardnacrucha Production Unit hydroelectric dam, Ireland",1/29/2021 18:18,0.7142857140000001,"['point_of_interest', 'establishment']"
26WIMPI-0760710Z,"20097 Bolgiano, Metropolitan City of Milan, Italy","{'location': {'lat': 45.4210177, 'lng': 9.2836611}, 'viewport': {'northeast': {'lat': 45.4288489, 'lng': 9.2996685}, 'southwest': {'lat': 45.4131855, 'lng': 9.2676537}}}",Bolgiano,1,ChIJI_SijnLPhkcRbIroYgVsVwg,True,2,find_place,OK,"Bolgiano, Italy",1/29/2021 18:18,1.0,"['locality', 'political']"
11WD2BUSC0002637,"Am Kraftwerk 1, 38372 Büddenstedt, Germany","{'location': {'lat': 52.17086159999999, 'lng': 10.9764261}, 'viewport': {'northeast': {'lat': 52.17228952989272, 'lng': 10.97747847989272}, 'southwest': {'lat': 52.16958987010727, 'lng': 10.97477882010728}}}",Buschhaus Power Station,1,ChIJfVLbw2x-pUcRAkEfx41NZd8,True,1,find_place,OK,"Kraftwerk Buschhaus coal-fired power station, Germany",1/29/2021 18:18,0.6923076923076923,"['point_of_interest', 'establishment']"
26WIMPI-S07CERNC,"17014 Cairo Montenotte, Province of Savona, Italy","{'location': {'lat': 44.4008071, 'lng': 8.2732695}, 'viewport': {'northeast': {'lat': 44.4559222, 'lng': 8.4310802}, 'southwest': {'lat': 44.34646799999999, 'lng': 8.2071346}}}",Cairo Montenotte,1,ChIJA3QJT4LC0hIR0R-FFUPMWoM,True,2,find_place,OK,"Cairo, Italy",1/29/2021 18:18,0.47619047600000003,"['administrative_area_level_3', 'political']"
26WIMPI-0393807F,"71029 Troia, Apulia, Province of Foggia, Italy","{'location': {'lat': 41.3402776, 'lng': 15.2602387}, 'viewport': {'northeast': {'lat': 41.34184687989272, 'lng': 15.26152832989272}, 'southwest': {'lat': 41.33914722010727, 'lng': 15.25882867010728}}}",Chiesa di Cancarro,1,ChIJnW-mLa_vORMR66CaI_Rj01k,True,2,find_place,OK,"Cancarro, Italy",1/29/2021 18:18,0.615384615,"['point_of_interest', 'establishment']"
26WIMPI-S04CRDA9,"21010 Cardano Al Campo, VA, Italy","{'location': {'lat': 45.6455568, 'lng': 8.7716745}, 'viewport': {'northeast': {'lat': 45.6603028, 'lng': 8.7878528}, 'southwest': {'lat': 45.6336929, 'lng': 8.750150399999999}}}",Cardano Al Campo,1,ChIJqT2IwQNihkcRQPb-ZsamqPQ,True,2,find_place,OK,"Cardano, Italy",1/29/2021 18:18,0.608695652,"['locality', 'political']"
26WIMPI-S09CSTVX,"38050 Castelnuovo, Trentino, Trentino, Italy","{'location': {'lat': 46.0519097, 'lng': 11.4941326}, 'viewport': {'northeast': {'lat': 46.0568484, 'lng': 11.5020457}, 'southwest': {'lat': 46.0508818, 'lng': 11.4850674}}}","Castelnuovo, Trentino",1,ChIJbeeuP56ReEcRq-zrElB0E5Q,True,2,find_place,OK,"Castelnuovo, Italy",1/29/2021 18:18,0.709677419,"['locality', 'political']"
26WIMPI-S03CDGL3,"25051 Cedegolo, Province of Brescia, Italy","{'location': {'lat': 46.0770081, 'lng': 10.3488161}, 'viewport': {'northeast': {'lat': 46.0841601, 'lng': 10.3561317}, 'southwest': {'lat': 46.0660748, 'lng': 10.3445642}}}",Cedegolo,1,ChIJHWXmHNq1g0cR3KA9aRvUxrY,True,2,find_place,OK,"Cedegolo, Italy",1/29/2021 18:18,1.0,"['locality', 'political']"
14W-PROD-DO----O,"Donaustadt, 1220 Vienna, Austria","{'location': {'lat': 48.235551, 'lng': 16.4623916}, 'viewport': {'northeast': {'lat': 48.2934587, 'lng': 16.5776676}, 'southwest': {'lat': 48.1351549, 'lng': 16.4007053}}}",Donaustadt,1,ChIJLYQ3pdcGbUcRp9qGuYOhKpE,True,2,find_place,OK,"Donaustadt, Austria",1/29/2021 18:18,1.0,"['sublocality_level_1', 'sublocality', 'political']"
26WIMPI-0163877Q,"94100 Enna, Province of Enna, Italy","{'location': {'lat': 37.5099321, 'lng': 14.262851}, 'viewport': {'northeast': {'lat': 37.678978, 'lng': 14.4993984}, 'southwest': {'lat': 37.4246778, 'lng': 14.0865807}}}",Enna,1,ChIJ_7xAoYXYEBMRfa6cA63nThk,True,2,find_place,OK,"Enna, Italy",1/29/2021 18:18,1.0,"['administrative_area_level_3', 'political']"
26WIMPI-S01FDEIC,"12014 Fedio, Province of Cuneo, Italy","{'location': {'lat': 44.3248584, 'lng': 7.275064400000001}, 'viewport': {'northeast': {'lat': 44.32585937989272, 'lng': 7.277415999999999}, 'southwest': {'lat': 44.32315972010728, 'lng': 7.2726212}}}",Fedio,1,ChIJ0wWIvwQQzRIRguvVR8bFv0U,True,2,find_place,OK,"Fedio, Italy",1/29/2021 18:18,1.0,"['locality', 'political']"
29WILARIONAS---X,"Peristerona, Cyprus","{'location': {'lat': 35.1302778, 'lng': 33.0805556}, 'viewport': {'northeast': {'lat': 35.13164112989273, 'lng': 33.08198097989273}, 'southwest': {'lat': 35.12894147010729, 'lng': 33.07928132010728}}}",Apostles Varnavas and Ilarionas,1,ChIJhaogvH8A3hQR3QpgrlOotMw,False,3,find_place,BUST,"Ilarionas, Greece",1/29/2021 18:18,0.45,"['church', 'place_of_worship', 'point_of_interest', 'establishment']"
26WIMPI-S01MNRFF,"Mirafiori Sud, Turin, Metropolitan City of Turin, Italy","{'location': {'lat': 45.0215567, 'lng': 7.6240389}, 'viewport': {'northeast': {'lat': 45.041993, 'lng': 7.659015699999999}, 'southwest': {'lat': 45.005593, 'lng': 7.586918}}}",Mirafiori Sud,1,ChIJxUPA8xMTiEcRj7Fvwyh3Vmw,True,2,find_place,OK,"Mirafiori, Italy",1/29/2021 18:18,0.818181818,"['neighborhood', 'political']"
11WD8MITT5G----0,"Köpenicker Str. 60, 10179 Berlin, Germany","{'location': {'lat': 52.511484, 'lng': 13.4209371}, 'viewport': {'northeast': {'lat': 52.51278512989273, 'lng': 13.42225182989272}, 'southwest': {'lat': 52.51008547010728, 'lng': 13.41955217010728}}}",Heizkraftwerk Mitte,1,ChIJqR_THDtOqEcRzaMmP561J5s,True,1,find_place,OK,"Hkw Mitte gas-fired power station, Germany",1/29/2021 18:18,0.4166666670000001,"['point_of_interest', 'establishment']"
32W001100100072D,"8320 Momina Tsarkva, Bulgaria","{'location': {'lat': 42.142912, 'lng': 27.0140595}, 'viewport': {'northeast': {'lat': 42.14853979999999, 'lng': 27.0200912}, 'southwest': {'lat': 42.13706029999999, 'lng': 27.0024926}}}",Momina Tsarkva,1,ChIJKUR7i34Qp0ARQKQOzRSgAAo,True,5,find_place,OK,"Momina, Bulgaria",1/29/2021 18:18,0.615384615,"['locality', 'political']"
18WPGR1-12345-04,"As Pontes de García Rodríguez, A Coruña, Spain","{'bounds': {'northeast': {'lat': 43.57051209999999, 'lng': -7.743535499999999}, 'southwest': {'lat': 43.3702549, 'lng': -8.0135855}}, 'location': {'lat': 43.4526554, 'lng': -7.852369}, 'location_type': 'APPROXIMATE', 'viewport': {'northeast': {'lat': 43.57051209999999, 'lng': -7.743535499999999}, 'southwest': {'lat': 43.3702549, 'lng': -8.0135855}}}",,1,ChIJ0WneFeADLg0RKDLTdBXhOEU,False,5,geocode,BUST,"Rodr, Spain",1/29/2021 18:18,0.2727272727272727,"['administrative_area_level_4', 'political']"
43W-PLAV-HPP---J,"Pļaviņas, Pļaviņu pilsēta, Latvia","{'location': {'lat': 56.6182449, 'lng': 25.725792}, 'viewport': {'northeast': {'lat': 56.6291084, 'lng': 25.7846346}, 'southwest': {'lat': 56.598921, 'lng': 25.6660208}}}",Pļaviņas,1,ChIJC0oQek6l6UYR4P7yaM3PAAQ,True,2,find_place,OK,"Plavinas, Latvia",1/29/2021 18:18,0.75,"['locality', 'political']"
18WROB2-12345-0B,"24640 La Robla, León, Spain","{'location': {'lat': 42.8012489, 'lng': -5.627395099999999}, 'viewport': {'northeast': {'lat': 42.8100664, 'lng': -5.621759099999999}, 'southwest': {'lat': 42.7969395, 'lng': -5.6330653}}}",La Robla,1,ChIJPcTWgfWjNw0RAOGL_9qn8IU,True,2,find_place,OK,"Robla, Spain",1/29/2021 18:18,0.7692307690000001,"['locality', 'political']"
11WD4SWSW5HD7--F,"Schluchsee, 79859 Schluchsee, Germany","{'location': {'lat': 47.8182613, 'lng': 8.1519136}, 'viewport': {'northeast': {'lat': 47.8352248, 'lng': 8.1931592}, 'southwest': {'lat': 47.7996659, 'lng': 8.1130623}}}",Schluchsee,1,ChIJ-W1RWkT2kEcRaCvnl0n_xJw,True,1,find_place,OK,"Schluchsee hydroelectric dam, Germany",1/29/2021 18:18,1.0,"['natural_feature', 'establishment']"
26WIMPI-S06ECLTM,"Servola, Trieste, UTI Giuliana, Italy","{'location': {'lat': 45.623894, 'lng': 13.7859095}, 'viewport': {'northeast': {'lat': 45.631308, 'lng': 13.7950665}, 'southwest': {'lat': 45.6177112, 'lng': 13.7717522}}}",Servola,1,ChIJh5DOm7Vre0cRHPPXmr8n_7k,True,2,find_place,OK,"Servola, Italy",1/29/2021 18:18,1.0,"['neighborhood', 'political']"
14W-PROD-SIM---P,"1.Haidequerstraße 1, 1110 Wien, Austria","{'location': {'lat': 48.1835231, 'lng': 16.4303122}, 'viewport': {'northeast': {'lat': 48.18489072989272, 'lng': 16.43159932989272}, 'southwest': {'lat': 48.18219107010728, 'lng': 16.42889967010728}}}",Simmering power station,1,ChIJjWl0X6gAbUcRKxy86IhxV-0,True,1,find_place,OK,"Kw Simmering gas-fired power station, Austria",1/29/2021 18:18,0.692307692,"['point_of_interest', 'establishment']"
50WP00000000654P,"Farastadhaugen 18, 3864 Rauland, Norway","{'location': {'lat': 59.7776088, 'lng': 7.725963499999999}, 'viewport': {'northeast': {'lat': 59.77892792989272, 'lng': 7.727241829892721}, 'southwest': {'lat': 59.77622827010727, 'lng': 7.724542170107277}}}",Songa kraftverk,1,ChIJ9wMhDbUoP0YR6yttKvTDEjI,True,1,find_place,OK,"Songa hydroelectric dam, Norway",1/29/2021 18:18,0.5,"['point_of_interest', 'establishment']"
45V0000000000148,"Ny Studstrupvej 14, 8541 Skødstrup, Denmark","{'location': {'lat': 56.2489534, 'lng': 10.3472225}, 'viewport': {'northeast': {'lat': 56.25095982989273, 'lng': 10.3495813}, 'southwest': {'lat': 56.24826017010728, 'lng': 10.3401461}}}",Studstrup Power Station,1,ChIJT6v1F487TEYRQUhQrHyxO6M,True,2,find_place,OK,"Studstrupvaerket, Denmark",1/29/2021 18:18,0.666666667,"['point_of_interest', 'establishment']"
26WIMPI-S03TVZZK,"26838 Tavazzano con Villavesco, Province of Lodi, Italy","{'location': {'lat': 45.32772180000001, 'lng': 9.4054364}, 'viewport': {'northeast': {'lat': 45.3343776, 'lng': 9.4130515}, 'southwest': {'lat': 45.32068049999999, 'lng': 9.3935719}}}",Tavazzano con Villavesco,1,ChIJ_6qYZ9jShkcRA0QExPN8DJY,True,2,find_place,OK,"Tavazzano, Italy",1/29/2021 18:19,0.545454545,"['locality', 'political']"
11WD8TIEF5X----V,"22113 Hamburg, Germany","{'location': {'lat': 53.5269146, 'lng': 10.065522}, 'viewport': {'northeast': {'lat': 53.52822292989272, 'lng': 10.06703922989272}, 'southwest': {'lat': 53.52552327010727, 'lng': 10.06433957010728}}}",Heizkraftwerk Tiefstack,1,ChIJeaIWZtKNsUcRKrMYTEzFTnk,True,1,find_place,OK,"Hkw Tiefstack coal-fired power station, Germany",1/29/2021 18:19,0.5625,"['point_of_interest', 'establishment']"
50WP00000000743Q,"4443 Tjørhom, Norway","{'location': {'lat': 58.8885747, 'lng': 6.8519783}, 'viewport': {'northeast': {'lat': 58.8943396, 'lng': 6.867985699999999}, 'southwest': {'lat': 58.88280880000001, 'lng': 6.8359709}}}",Tjørhom,1,ChIJ-ZVWvfCgOUYRlzgdFUM0YdA,True,2,find_place,OK,"Tjorhom, Norway",1/29/2021 18:19,0.857142857,"['locality', 'political']"
26WIMPI-S04TRBLJ,"38069 Nago–Torbole, Trentino, Italy","{'location': {'lat': 45.8778243, 'lng': 10.8908516}, 'viewport': {'northeast': {'lat': 45.8809618, 'lng': 10.8988527}, 'southwest': {'lat': 45.8620483, 'lng': 10.8665582}}}",Nago–Torbole,1,ChIJI0MdS-YQgkcRWT6zU6J2s50,True,2,find_place,OK,"Torbole, Italy",1/29/2021 18:19,0.7368421052631579,"['locality', 'political']"
11WD2ZOLL0002880,"Leininger Str. 1, 85406 Zolling, Germany","{'location': {'lat': 48.45595, 'lng': 11.8030201}, 'viewport': {'northeast': {'lat': 48.45735547989272, 'lng': 11.80436072989272}, 'southwest': {'lat': 48.45465582010728, 'lng': 11.80166107010728}}}",ENGIE Kraftwerk Zolling,1,ChIJbw5v6JI_nkcR_DjV3nWC1kU,True,1,find_place,OK,"Kraftwerk Zolling coal-fired power station, Germany",1/29/2021 18:19,0.4666666666666667,"['point_of_interest', 'establishment']"
26WIMYI-S04BZZOB,"Lago di Malga Boazzo, 38080 Valdaone, Trentino, Italy","{'location': {'lat': 46.0018781, 'lng': 10.517251}, 'viewport': {'northeast': {'lat': 46.0090419, 'lng': 10.5235096}, 'southwest': {'lat': 45.9953092, 'lng': 10.5118512}}}",Lago di Malga Boazzo,1,ChIJm9eZ-3k2gkcRrjsfscdc0u0,True,2,find_place,OK,"Boazzo, Italy",2021-01-29 19:48:52,0.4615384615384616,"['natural_feature', 'establishment']"
26WIMPI-S13BSSUZ,"65022 Bussi sul Tirino, Province of Pescara, Italy","{'location': {'lat': 42.2135849, 'lng': 13.8253915}, 'viewport': {'northeast': {'lat': 42.2200516, 'lng': 13.8370991}, 'southwest': {'lat': 42.2067621, 'lng': 13.8171732}}}",Bussi sul Tirino,1,ChIJkbp-aiw3MBMRWGzZDXVECoQ,True,2,find_place,OK,"Bussi, Italy",2021-01-29 19:48:55,0.4761904761904762,"['locality', 'political']"
26WIMPI-S01CLCAH,"17020 Calice Ligure, Province of Savona, Italy","{'location': {'lat': 44.2045552, 'lng': 8.294812799999999}, 'viewport': {'northeast': {'lat': 44.2116413, 'lng': 8.3044616}, 'southwest': {'lat': 44.1972456, 'lng': 8.2830998}}}",Calice Ligure,1,ChIJpY6bWo7w0hIRI_XreHqDpek,True,2,find_place,OK,"Calice, Italy",2021-01-29 19:48:57,0.631578947368421,"['locality', 'political']"
16WCARRAPA-----2,"Barragem do Carrapatelo, Portugal","{'location': {'lat': 41.085556, 'lng': -8.131389}, 'viewport': {'northeast': {'lat': 41.0939656, 'lng': -8.1153816}, 'southwest': {'lat': 41.0771454, 'lng': -8.1473964}}}",Barragem do Carrapatelo,1,ChIJATJnXgiiJA0RtYUsgYh-qkY,True,1,find_place,OK,"Carrapatelo hydroelectric dam, Portugal",2021-01-29 19:48:58,0.6470588235294118,"['natural_feature', 'establishment']"
17W100P100P0190E,"57570 Cattenom, France","{'location': {'lat': 49.4157857, 'lng': 6.218270899999999}, 'viewport': {'northeast': {'lat': 49.41693532989273, 'lng': 6.219476379892723}, 'southwest': {'lat': 49.41423567010729, 'lng': 6.216776720107279}}}",Cattenom Nuclear Power Plant,1,ChIJt5GKAY87lUcROnco9AGzfGE,True,1,find_place,OK,"Cattenom nuclear plant, France",2021-01-29 19:48:59,0.7272727272727273,"['point_of_interest', 'establishment']"
26WIMPI-S16BSCRY,"Province of Caserta, Italy","{'location': {'lat': 41.2078354, 'lng': 14.1001326}, 'viewport': {'northeast': {'lat': 41.5073777, 'lng': 14.53444}, 'southwest': {'lat': 40.89898669999999, 'lng': 13.7621116}}}",Province of Caserta,1,ChIJIWlzFYDwOhMRMIFimR_hCQM,False,3,find_place,BUST,"Ce, Italy",2021-01-29 19:49:01,0.19047619047619047,"['administrative_area_level_2', 'political']"
19W0000000000369,"ul. M. Skłodowskiej-Curie 30, 41-503 Chorzów, Poland","{'location': {'lat': 50.30874, 'lng': 18.9712189}, 'viewport': {'northeast': {'lat': 50.31001587989272, 'lng': 18.97255692989273}, 'southwest': {'lat': 50.30731622010727, 'lng': 18.96985727010728}}}",CEZ Chorzów S.A.,1,ChIJ1Woe9WrSFkcR1RXP2qp8kjo,True,1,find_place,OK,"Chorzów coal-fired power station, Poland",2021-01-29 19:49:02,0.6363636363636364,"['point_of_interest', 'establishment']"
48WSTN00000GRMOP,"235 E 42nd St, New York, NY 10017, United States","{'location': {'lat': 40.7503031, 'lng': -73.9726559}, 'viewport': {'northeast': {'lat': 40.75151287989272, 'lng': -73.97137492010728}, 'southwest': {'lat': 40.74881322010727, 'lng': -73.97407457989273}}}",Pfizer,1,ChIJ2RZDFQNZwokR9NuJ_Lxkpww,False,3,find_place,BUST,"Grmo, United Kingdom",2021-01-29 19:49:04,0.2,"['health', 'point_of_interest', 'establishment']"
11WD2BHAF000272F,"Port of Hamburg, Hamburg, Germany","{'location': {'lat': 53.5070965, 'lng': 9.967923299999999}, 'viewport': {'northeast': {'lat': 53.5721887, 'lng': 10.1194813}, 'southwest': {'lat': 53.4466709, 'lng': 9.811472}}}",Port of Hamburg,1,ChIJ55tZaoeEsUcRXvno1KxKjZI,False,3,find_place,BUST,"Hafen, Germany",2021-01-29 19:49:06,0.2,"['natural_feature', 'establishment']"
49W000000000045Y,"Nieuwe Hemweg, Amsterdam, Netherlands","{'location': {'lat': 52.4033984, 'lng': 4.8446542}, 'viewport': {'northeast': {'lat': 52.40474822989272, 'lng': 4.846004029892722}, 'southwest': {'lat': 52.40204857010728, 'lng': 4.843304370107278}}}",Nieuwe Hemweg,1,ChIJxQhxsOzixUcR1rrUi2SLOKI,True,2,find_place,OK,"Hemweg, Netherlands",2021-01-29 19:49:07,0.631578947368421,['route']
38W-MT--IRU--Q-T,"Peterburi tee 105, Maardu, 74114 Harju maakond, Estonia","{'location': {'lat': 59.4515944, 'lng': 24.924937}, 'viewport': {'northeast': {'lat': 59.45297682989272, 'lng': 24.92674837989272}, 'southwest': {'lat': 59.45027717010728, 'lng': 24.92404872010728}}}",Iru Power Plant,1,ChIJ34nMh6ztkkYRWd690GPyKgA,True,1,find_place,OK,"Iru Elektrijaam gas-fired power station, Estonia",2021-01-29 19:49:08,0.5,"['point_of_interest', 'establishment']"
19W0000000000628,"Promienna 51, 43-603 Jaworzno, Poland","{'location': {'lat': 50.2051744, 'lng': 19.2053485}, 'viewport': {'northeast': {'lat': 50.21586635, 'lng': 19.2107232}, 'southwest': {'lat': 50.19814774999999, 'lng': 19.19109}}}",Jaworzno Power Station,1,ChIJFSCvfXjDFkcR2qgGnjHU6Qk,True,1,find_place,OK,"Jaworzno coal-fired power station, Poland",2021-01-29 19:49:09,0.6666666666666666,"['point_of_interest', 'establishment']"
38W-MT--AREJ2--A,"Kirdalu, 75505 Harju maakond, Estonia","{'location': {'lat': 59.2442187, 'lng': 24.7038979}, 'viewport': {'northeast': {'lat': 59.24565787989273, 'lng': 24.70533052989272}, 'southwest': {'lat': 59.24295822010728, 'lng': 24.70263087010728}}}",Kiisa AREJ,1,ChIJpYyBfNTGkkYRj20ASSqs5oM,True,1,find_place,OK,"Kiisa Arej gas-fired power station, Estonia",2021-01-29 19:49:10,1.0,"['point_of_interest', 'establishment']"
48WSTN000LBAR-G1,"72 Humberstone Gate, Leicester LE1 3PL, United Kingdom","{'location': {'lat': 52.6370131, 'lng': -1.1274101}, 'viewport': {'northeast': {'lat': 52.63828327989271, 'lng': -1.126026470107278}, 'southwest': {'lat': 52.63558362010727, 'lng': -1.128726129892722}}}",L Bar & Bistro,1,ChIJS_EPDBlhd0gRKTL7UbtIcbI,False,3,find_place,BUST,"Lbar, United Kingdom",2021-01-29 19:49:12,0.5,"['bar', 'point_of_interest', 'establishment']"
11WD8LICH5G----1,"Ostpreußendamm 61, 12207 Berlin, Germany","{'location': {'lat': 52.4243275, 'lng': 13.3087282}, 'viewport': {'northeast': {'lat': 52.42561237989272, 'lng': 13.31003062989272}, 'southwest': {'lat': 52.42291272010728, 'lng': 13.30733097010728}}}",Lichterfelde power station,1,ChIJ-y2G__xaqEcR4Bu8SkcgIQ8,True,1,find_place,OK,"Hkw Lichterfelde gas-fired power station, Germany",2021-01-29 19:49:13,0.75,"['point_of_interest', 'establishment']"
26WIMYI-S15M2TSB,"Montagna del Matese, 86092 Roccamandolfi, Province of Isernia, Italy","{'location': {'lat': 41.45, 'lng': 14.3666667}, 'viewport': {'northeast': {'lat': 41.4583627, 'lng': 14.3826741}, 'southwest': {'lat': 41.4416362, 'lng': 14.3506593}}}",Montagna del Matese,2,ChIJKdWO5HdjOhMROkSH8ZLWpso,True,5,find_place,OK,"Matese, Italy",2021-01-29 19:49:16,0.42857142857142855,"['natural_feature', 'establishment']"
11WD2BMIT0002731,"Mittelsbüren, 28719 Bremen, Germany","{'location': {'lat': 53.12870729999999, 'lng': 8.6554012}, 'viewport': {'northeast': {'lat': 53.13005712989272, 'lng': 8.656751029892721}, 'southwest': {'lat': 53.12735747010728, 'lng': 8.654051370107277}}}",Mittelsbüren,1,ChIJ-w2wihorsUcRcav88bP3aQo,True,2,find_place,OK,"Mittelsbueren, Germany",2021-01-29 19:49:17,0.88,['route']
11WD2WBNK000318M,"Getriebebau-Nord-Straße 1, 22941 Bargteheide, Germany","{'location': {'lat': 53.72188629999999, 'lng': 10.2777256}, 'viewport': {'northeast': {'lat': 53.72316812989271, 'lng': 10.27900087989272}, 'southwest': {'lat': 53.72046847010727, 'lng': 10.27630122010728}}}",NORD GmbH & Co. KG,1,ChIJTxnA0DcfskcReOD7FMyxtyw,True,2,find_place,OK,"Nord, Germany",2021-01-29 19:49:19,0.42105263157894735,"['point_of_interest', 'establishment']"
48WSTN00000PEHEU,"Lanai City, HI 96763, USA","{'location': {'lat': 20.7344057, 'lng': -156.890297}, 'location_type': 'GEOMETRIC_CENTER', 'viewport': {'northeast': {'lat': 20.7357546802915, 'lng': -156.8889480197085}, 'southwest': {'lat': 20.7330567197085, 'lng': -156.8916459802915}}}",,1,ChIJeRaywc87VXkRutAC7mjT4S4,False,4,geocode,BUST,"Pehe, United Kingdom",2021-01-29 19:49:21,0.07407407407407407,"['establishment', 'point_of_interest', 'tourist_attraction']"
29WYISPOURNARI-P,"Unnamed Road, Arta 471 00, Greece","{'location': {'lat': 39.1861148, 'lng': 21.021856}, 'viewport': {'northeast': {'lat': 39.18740482989272, 'lng': 21.02312697989273}, 'southwest': {'lat': 39.18470517010728, 'lng': 21.02042732010728}}}",Pournari dam,1,ChIJDyNR90cDXBMRAzBFZnGYtP8,True,1,find_place,OK,"Pournari hydroelectric dam, Greece",2021-01-29 19:49:22,0.8,"['point_of_interest', 'establishment']"
11WD8REUT5X----M,"Otternbuchtstraße 11, 13599 Berlin, Germany","{'location': {'lat': 52.5307721, 'lng': 13.2464709}, 'viewport': {'northeast': {'lat': 52.53263162989272, 'lng': 13.24826367989272}, 'southwest': {'lat': 52.52993197010728, 'lng': 13.24556402010728}}}",Reuter power station,2,ChIJq6rnGu9WqEcRsslldRAL4ts,True,1,find_place,OK,"Hkw Reuter coal-fired power station, Germany",2021-01-29 19:49:23,0.6,"['point_of_interest', 'establishment']"
12W-0000000080-7,"Rheinfelden, Switzerland","{'location': {'lat': 47.55219, 'lng': 7.7922914}, 'viewport': {'northeast': {'lat': 47.5878999, 'lng': 7.83811}, 'southwest': {'lat': 47.5327001, 'lng': 7.752899999999999}}}",Rheinfelden,1,ChIJUbiGjeq0kUcRdsPMeH6B9PQ,True,2,find_place,OK,"Rheinfelden, Switzerland",2021-01-29 19:49:24,1.0,"['locality', 'political']"
43W-RIG-HPP----1,"Riga, Latvia","{'location': {'lat': 56.9496487, 'lng': 24.1051865}, 'viewport': {'northeast': {'lat': 57.085921, 'lng': 24.3246659}, 'southwest': {'lat': 56.8570279, 'lng': 23.933659}}}",Riga,1,ChIJ7T0H5bDP7kYRMP7yaM3PAAQ,True,2,find_place,OK,"Riga, Latvia",2021-01-29 19:49:26,1.0,"['locality', 'political']"
26WIMPI-S04CTNB6,"38066 Riva del Garda, Trentino, Italy","{'location': {'lat': 45.8891984, 'lng': 10.8430696}, 'viewport': {'northeast': {'lat': 45.9126545, 'lng': 10.8651306}, 'southwest': {'lat': 45.87670190000001, 'lng': 10.833021}}}",Riva del Garda,1,ChIJravdZNAWgkcRo0xnw7LbG2s,True,2,find_place,OK,"Riva, Italy",2021-01-29 19:49:27,0.4444444444444444,"['locality', 'political']"
26WIMPI-S04SSLSD,"Piazza di S.Silvestro, 17A, 00187 Roma RM, Italy","{'location': {'lat': 41.902909, 'lng': 12.48075}, 'viewport': {'northeast': {'lat': 41.90419127989272, 'lng': 12.48212912989272}, 'southwest': {'lat': 41.90149162010728, 'lng': 12.47942947010728}}}",Basilica di San Silvestro in Capite,1,ChIJoc4Mg1NgLxMRy-lfNWgHdTw,False,4,find_place,BUST,"Silvestro, Italy",2021-01-29 19:49:30,0.4782608695652174,"['tourist_attraction', 'church', 'place_of_worship', 'point_of_interest', 'establishment']"
26WIMPI-S05STNGL,"32036 La Stanga Province of Belluno, Italy","{'location': {'lat': 46.211694, 'lng': 12.129325}, 'viewport': {'northeast': {'lat': 46.21941469999999, 'lng': 12.1453324}, 'southwest': {'lat': 46.2039722, 'lng': 12.1133176}}}",La Stanga,1,ChIJS-9imviqeUcRvv8usCUWtDs,True,2,find_place,OK,"Stanga, Italy",2021-01-29 19:49:32,0.8,"['locality', 'political']"
50WP00000000665K,"Agder, Norway","{'bounds': {'northeast': {'lat': 59.6726869, 'lng': 9.6688766}, 'southwest': {'lat': 57.7590051, 'lng': 6.149705}}, 'location': {'lat': 58.50320840000001, 'lng': 7.7571974}, 'location_type': 'APPROXIMATE', 'viewport': {'northeast': {'lat': 59.6726869, 'lng': 9.6688766}, 'southwest': {'lat': 57.7590051, 'lng': 6.149705}}}",,10,ChIJD0JSTvhPOEYR8vitVnMQwW0,False,4,geocode,BUST,"Steinsfoss, Norway",2021-01-29 19:49:34,0.13333333333333333,"['administrative_area_level_1', 'political']"
50WP00000000667G,"5379 Steinsland, Norway","{'location': {'lat': 60.1756486, 'lng': 4.977886799999999}, 'viewport': {'northeast': {'lat': 60.2207202, 'lng': 5.1374621}, 'southwest': {'lat': 60.1246579, 'lng': 4.8080415}}}",Steinsland,1,ChIJg1yQZJrrPEYRgeMMMeI7Eeg,True,2,find_place,OK,"Steinsland, Norway",2021-01-29 19:49:36,1.0,['postal_town']
30W-CHE-SUGAG--7,"Șugag 517775, Romania","{'location': {'lat': 45.7776871, 'lng': 23.6206131}, 'viewport': {'northeast': {'lat': 45.7862152, 'lng': 23.6372565}, 'southwest': {'lat': 45.7707636, 'lng': 23.605231}}}",Șugag,1,ChIJN3ZcQ986TEcRmwzGxqGMAQk,True,2,find_place,OK,"Sugag, Romania",2021-01-29 19:49:37,0.8,"['locality', 'political']"
47W000000000162N,"Tarbert Island, Tarbert, Co. Kerry, Ireland","{'location': {'lat': 52.5889003, 'lng': -9.3639387}, 'viewport': {'northeast': {'lat': 52.59008107989272, 'lng': -9.362760920107279}, 'southwest': {'lat': 52.58738142010728, 'lng': -9.365460579892723}}}",Tarbert Power Station,1,ChIJi1EyuqrYWkgRqYpjfGrB80E,True,1,find_place,OK,"Tarbert Production power station, Ireland",2021-01-29 19:49:39,0.6363636363636364,"['point_of_interest', 'establishment']"
14W-KW-THE-EVN-7,"Ludwig Brucknerstraße 1, 3494, Austria","{'location': {'lat': 48.394813, 'lng': 15.7083593}, 'viewport': {'northeast': {'lat': 48.39604787989272, 'lng': 15.70968127989272}, 'southwest': {'lat': 48.39334822010728, 'lng': 15.70698162010728}}}",Theiss power station - EVN AG,1,ChIJO4Gk-UKCckcRaKjizOTgXdw,True,1,find_place,OK,"Kraftwerk Theiss gas-fired power station, Austria",2021-01-29 19:49:40,0.4444444444444444,"['point_of_interest', 'establishment']"
50WP00000000741U,"Pulpit Rock, Strand, Norway","{'location': {'lat': 58.98641, 'lng': 6.190439599999999}, 'location_type': 'APPROXIMATE', 'viewport': {'northeast': {'lat': 58.9921586, 'lng': 6.206447}, 'southwest': {'lat': 58.9806605, 'lng': 6.1744322}}}",,10,ChIJCetU9hvVO0YRi7ejv73mg0o,False,4,geocode,BUST,"Tjodan, Norway",2021-01-29 19:49:42,0.3333333333333333,"['establishment', 'natural_feature']"
16WTORRAO------V,"Torrão, Portugal","{'location': {'lat': 38.2945393, 'lng': -8.2238261}, 'viewport': {'northeast': {'lat': 38.3535907, 'lng': -8.129696299999999}, 'southwest': {'lat': 38.1783633, 'lng': -8.4654018}}}",Torrão,1,ChIJz8HfWLMmGg0RV0H1-wD7oi0,True,2,find_place,OK,"Torrao, Portugal",2021-01-29 19:49:43,0.8333333333333334,"['locality', 'political']"
18WASC2-12345-0P,"43791 Ascó, Tarragona, Spain","{'location': {'lat': 41.1827575, 'lng': 0.5671571}, 'viewport': {'northeast': {'lat': 41.1868415, 'lng': 0.5696774}, 'southwest': {'lat': 41.1768125, 'lng': 0.5636074}}}",Ascó,1,ChIJnWJgG2HWoBIRKMv3jPCfywY,True,2,find_place,OK,"Asco, Spain",2021-01-29 20:31:42,0.75,"['locality', 'political']"
26WIMPI-S13BLSRW,"67052 Balsorano, Province of L'Aquila, Italy","{'location': {'lat': 41.7917551, 'lng': 13.5784012}, 'viewport': {'northeast': {'lat': 41.8509524, 'lng': 13.6428931}, 'southwest': {'lat': 41.75429219999999, 'lng': 13.520216}}}",Balsorano,1,ChIJ3TBe8ZgBMBMREOk5sppPCQQ,True,2,find_place,OK,"Balsorano, Italy",2021-01-29 20:31:44,1.0,"['administrative_area_level_3', 'political']"
33W-TEC-BITOLA-F,"Bitola, North Macedonia","{'location': {'lat': 41.0296773, 'lng': 21.3292164}, 'viewport': {'northeast': {'lat': 41.048879, 'lng': 21.3622927}, 'southwest': {'lat': 41.0027271, 'lng': 21.2948782}}}",Bitola,1,ChIJ_bZfNlEkVxMRSMm-Zb-7Z_o,True,2,find_place,OK,"Bitola, Macedonia, Republic of",2021-01-29 20:31:46,1.0,"['locality', 'political']"
17W100P100P01784,"33820 Braud-et-Saint-Louis, France","{'location': {'lat': 45.257431, 'lng': -0.690649}, 'viewport': {'northeast': {'lat': 45.25877472989272, 'lng': -0.6892771201072777}, 'southwest': {'lat': 45.25607507010728, 'lng': -0.6919767798927221}}}",Blayais Nuclear Power Plant,1,ChIJle19JnnJAUgRVudeUhBzu78,True,1,find_place,OK,"Blayais nuclear plant, France",2021-01-29 20:31:47,0.5,"['point_of_interest', 'establishment']"
26WIMPI-S03SBNFX,"20010 Boffalora sopra Ticino, Metropolitan City of Milan, Italy","{'location': {'lat': 45.46282710000001, 'lng': 8.8293459}, 'viewport': {'northeast': {'lat': 45.4792954, 'lng': 8.8629739}, 'southwest': {'lat': 45.4325401, 'lng': 8.799983}}}",Boffalora sopra Ticino,1,ChIJL8TzgCLxhkcREPJmLgJ4BgQ,True,2,find_place,OK,"Boffalora, Italy",2021-01-29 20:31:49,0.5806451612903226,"['administrative_area_level_3', 'political']"
26WIMPI-S15BSSN0,"Bussento, Province of Salerno, Italy","{'location': {'lat': 40.1005972, 'lng': 15.4983314}, 'viewport': {'northeast': {'lat': 40.1362132, 'lng': 15.5122694}, 'southwest': {'lat': 40.0645701, 'lng': 15.488828}}}",Bussento,1,ChIJRZDlMs3IPhMRkgPSYU-OZMI,True,2,find_place,OK,"Bussento, Italy",2021-01-29 20:31:50,1.0,"['natural_feature', 'establishment']"
48WSTN00000CARRI,"12 Helmet Row, London EC1V 3QJ, United Kingdom","{'location': {'lat': 51.52539119999999, 'lng': -0.0946247}, 'viewport': {'northeast': {'lat': 51.52675462989273, 'lng': -0.09323617010727778}, 'southwest': {'lat': 51.52405497010728, 'lng': -0.09593582989272222}}}",Leigh Carr,1,ChIJKznu7dMadkgRtn1JNXDi7Zc,False,3,find_place,BUST,"Carr, United Kingdom",2021-01-29 20:31:52,0.5714285714285714,"['accounting', 'finance', 'point_of_interest', 'establishment']"
26WIMPI-S18CSTR3,"85046 Castrocucco Province of Potenza, Italy","{'location': {'lat': 39.93698029999999, 'lng': 15.7633592}, 'viewport': {'northeast': {'lat': 39.9390688, 'lng': 15.765659}, 'southwest': {'lat': 39.9348082, 'lng': 15.7596189}}}",Castrocucco,1,ChIJcViOn0HfPhMRFcRuWrOHHuQ,True,2,find_place,OK,"Castrocucco, Italy",2021-01-29 20:31:54,1.0,"['locality', 'political']"
26WIMPI-S12G1VIS,"Via Monte Nevoso, 2, 20095 Cusano Milanino MI, Italy","{'location': {'lat': 45.5565557, 'lng': 9.1745632}, 'location_type': 'ROOFTOP', 'viewport': {'northeast': {'lat': 45.5579046802915, 'lng': 9.175912180291503}, 'southwest': {'lat': 45.5552067197085, 'lng': 9.173214219708498}}}",,1,ChIJyWiAiLO_hkcRFg-POWYciUQ,False,4,geocode,BUST,"Colari, Italy",2021-01-29 20:31:56,0.20408163265306123,"['establishment', 'point_of_interest']"
26WIMPI-S03CRNOV,"Corenno Plinio, 23824 Dervio, Province of Lecco, Italy","{'location': {'lat': 46.08966400000001, 'lng': 9.3113951}, 'viewport': {'northeast': {'lat': 46.09069417989271, 'lng': 9.3124773}, 'southwest': {'lat': 46.08799452010727, 'lng': 9.3096637}}}",Corenno Plinio,1,ChIJE91E9ZkVhEcRrLpuwBqcrQU,True,2,find_place,OK,"Corenno, Italy",2021-01-29 20:31:58,0.6666666666666666,"['neighborhood', 'political']"
48WSTN1000COTPSQ,"Allen St, Kensington, London W8 6UX, UK","{'location': {'lat': 51.49714969999999, 'lng': -0.1945935}, 'location_type': 'GEOMETRIC_CENTER', 'viewport': {'northeast': {'lat': 51.49849868029149, 'lng': -0.193244519708498}, 'southwest': {'lat': 51.49580071970849, 'lng': -0.1959424802915021}}}",,1,ChIJB-NS5PMPdkgRtHFE__imumo,False,4,geocode,BUST,"Cotps, United Kingdom",2021-01-29 20:32:01,0.0975609756097561,"['church', 'establishment', 'place_of_worship', 'point_of_interest']"
26WIMPI-S01CRTOP,"10070 Crot, Metropolitan City of Turin, Italy","{'location': {'lat': 45.230796, 'lng': 7.202860799999999}, 'viewport': {'northeast': {'lat': 45.23233952989272, 'lng': 7.2050362}, 'southwest': {'lat': 45.22963987010728, 'lng': 7.2019688}}}",Crot,1,ChIJFRn6X1KtiUcRlkoLyfBCcKU,True,2,find_place,OK,"Crot, Italy",2021-01-29 20:32:02,1.0,"['locality', 'political']"
26WIMPI-S01DCRNE,"12025 Dronero, Province of Cuneo, Italy","{'location': {'lat': 44.4658423, 'lng': 7.3656691}, 'viewport': {'northeast': {'lat': 44.4725466, 'lng': 7.380186699999999}, 'southwest': {'lat': 44.4564415, 'lng': 7.3389068}}}",Dronero,1,ChIJOxWz-gI-zRIRkPwCPK3Cxnk,True,2,find_place,OK,"Dronero, Italy",2021-01-29 20:32:04,1.0,"['locality', 'political']"
26WIMPI-S01CEGN7,"12100 Cuneo, Province of Cuneo, Italy","{'location': {'lat': 44.3844766, 'lng': 7.5426711}, 'viewport': {'northeast': {'lat': 44.4309618, 'lng': 7.603918799999999}, 'southwest': {'lat': 44.3532038, 'lng': 7.508458699999999}}}",Cuneo,1,ChIJpziBxzhpzRIRR-YmF8trXRM,True,6,find_place,OK,"Cuneo, Italy",2021-01-29 20:32:08,0.5454545454545454,"['locality', 'political']"
26WIMPI-S05ESPRU,"Via Veneto, 1149, 35040 Casale di Scodosia PD, Italy","{'location': {'lat': 45.1877472, 'lng': 11.4952608}, 'viewport': {'northeast': {'lat': 45.18909547989271, 'lng': 11.49665527989272}, 'southwest': {'lat': 45.18639582010727, 'lng': 11.49395562010728}}}",Emmezeta Mobili Snc,1,ChIJWfcipuAbf0cRgPgBPsl84R0,True,2,find_place,OK,"Emmezeta Rovigo, Italy",2021-01-29 20:32:10,0.6470588235294118,"['point_of_interest', 'establishment']"
26WIMPI-S03FMGSC,"20142 Milan, Metropolitan City of Milan, Italy","{'location': {'lat': 45.4371411, 'lng': 9.1686693}, 'viewport': {'northeast': {'lat': 45.43847797989272, 'lng': 9.17003327989272}, 'southwest': {'lat': 45.43577832010727, 'lng': 9.167333620107277}}}",Famagosta,1,ChIJPx21DIzDhkcRyH71vojlAA8,False,3,find_place,BUST,"Famagosta, Italy",2021-01-29 20:32:12,1.0,"['transit_station', 'point_of_interest', 'establishment']"
26WIMPI-S19SDMCS,"98044 San Filippo del Mela, Province of Messina, Italy","{'location': {'lat': 38.1691648, 'lng': 15.2742899}, 'viewport': {'northeast': {'lat': 38.1747808, 'lng': 15.278943}, 'southwest': {'lat': 38.16521150000001, 'lng': 15.2685538}}}",San Filippo del Mela,1,ChIJJ4u-sYwwFBMRjiqBpCF0Ew8,True,2,find_place,OK,"Filippo Mela, Italy",2021-01-29 20:32:14,0.75,"['locality', 'political']"
18WUFMI-12345-0L,"Miño, A Coruña, Spain","{'location': {'lat': 43.3539624, 'lng': -8.1884949}, 'viewport': {'northeast': {'lat': 43.40093239999999, 'lng': -8.1320784}, 'southwest': {'lat': 43.3149098, 'lng': -8.2225174}}}",Miño,1,ChIJiSCc34dyLg0RYFPKc4L1BAQ,True,5,find_place,OK,"Miño, Spain",2021-01-29 20:32:18,0.6666666666666666,"['administrative_area_level_4', 'political']"
17W100P100P0211W,"82400 Golfech, France","{'location': {'lat': 44.10699169999999, 'lng': 0.8547429999999999}, 'viewport': {'northeast': {'lat': 44.10842747989272, 'lng': 0.8561855798927223}, 'southwest': {'lat': 44.10572782010728, 'lng': 0.8534859201072778}}}",Production Center for Nuclear Electricity Golfech,2,ChIJAQDQnW6_qxIRVjyzR08CLS8,True,1,find_place,OK,"Golfech nuclear plant, France",2021-01-29 20:32:19,0.7,"['point_of_interest', 'establishment']"
14W-BGS-KW-----Q,"Greifenstein 232/1, 3422 Spillern, Austria","{'location': {'lat': 48.3554532, 'lng': 16.2426364}, 'viewport': {'northeast': {'lat': 48.35705487989272, 'lng': 16.24395287989272}, 'southwest': {'lat': 48.35435522010728, 'lng': 16.24125322010728}}}",Laufkraftwerk Greifenstein,1,ChIJZfmkUpkNbUcRUSPj2K6cPbc,True,1,find_place,OK,"Greifenstein hydroelectric dam, Austria",2021-01-29 20:32:21,0.631578947368421,"['point_of_interest', 'establishment']"
50WP000000002293,Norway,"{'location': {'lat': 60.47202399999999, 'lng': 8.468945999999999}, 'viewport': {'northeast': {'lat': 71.30780000000001, 'lng': 31.3549999}, 'southwest': {'lat': 57.8097, 'lng': 4.0649}}}",Norway,30,ChIJv-VNj0VoEkYRK9BkuJ07sKE,False,4,find_place,BUST,"Kraftver, Norway",2021-01-29 20:32:24,0.2727272727272727,"['country', 'political']"
26WIMPI-S19GCDLR,"Contrada Kaggiotto, Piana degli Albanesi, SP102, 90037 Piana degli albanesi PA, Italy","{'location': {'lat': 37.9555426, 'lng': 13.2792628}, 'viewport': {'northeast': {'lat': 37.95683322989272, 'lng': 13.28038377989272}, 'southwest': {'lat': 37.95413357010728, 'lng': 13.27768412010728}}}",Centrale ENEL di Guadalami,3,ChIJB_TtSZf2GRMR5L5BGan9XVY,True,2,find_place,OK,"Guadalami, Italy",2021-01-29 20:32:26,0.5142857142857142,"['point_of_interest', 'establishment']"
50WP00000000278R,"3576 Hol, Norway","{'location': {'lat': 60.6144518, 'lng': 8.31421}, 'viewport': {'northeast': {'lat': 60.61584272989271, 'lng': 8.315408829892721}, 'southwest': {'lat': 60.61314307010727, 'lng': 8.312709170107278}}}",Hol III power station,1,ChIJVVVVVaW-P0YR5Cg3a7HWh-8,True,1,find_place,OK,"Hol hydroelectric dam, Norway",2021-01-29 20:32:27,0.5454545454545454,"['point_of_interest', 'establishment']"
46WPU0000000105V,"841 44 Alby, Sweden","{'location': {'lat': 62.4986033, 'lng': 15.4844517}, 'location_type': 'APPROXIMATE', 'viewport': {'northeast': {'lat': 62.5037553, 'lng': 15.5004591}, 'southwest': {'lat': 62.4934504, 'lng': 15.4684443}}}",,2,ChIJEQKdywOPZUYRNxezuaEPiFs,False,4,geocode,BUST,"Järnvägsforsen, Sweden",2021-01-29 20:32:29,0.0,"['locality', 'political']"
47W000000000242P,"Knockmore, Co. Mayo, Ireland","{'location': {'lat': 54.0237627, 'lng': -9.1747251}, 'viewport': {'northeast': {'lat': 54.0303169, 'lng': -9.1587177}, 'southwest': {'lat': 54.0172074, 'lng': -9.1907325}}}",Knockmore,1,ChIJgXVGJ0FGWUgREA0yl6nHAAo,True,5,find_place,OK,"Knockmore, Ireland",2021-01-29 20:32:33,0.8181818181818182,"['locality', 'political']"
14W-KW-KO2-EVN-5,"Am Kraftwerk 15, 2103 Langenzersdorf, Austria","{'location': {'lat': 48.3320296, 'lng': 16.3395997}, 'viewport': {'northeast': {'lat': 48.33352797989272, 'lng': 16.34077687989272}, 'southwest': {'lat': 48.33082832010728, 'lng': 16.33807722010727}}}",Korneuburg power plant,1,ChIJZ_OoZrQPbUcRCJR5yieihIo,True,1,find_place,OK,"Kraftwerk Korneuburg gas-fired power station, Austria",2021-01-29 20:32:35,0.7692307692307693,"['point_of_interest', 'establishment']"
26WIMPI-S03CLTCO,"Via Alfonso la Marmora, 39, 50121 Firenze FI, Italy","{'location': {'lat': 43.7814748, 'lng': 11.2621014}, 'viewport': {'northeast': {'lat': 43.78280902989272, 'lng': 11.26348962989272}, 'southwest': {'lat': 43.78010937010728, 'lng': 11.26078997010728}}}",B&B La Marmora 39,1,ChIJEYNjjBlUKhMRoZ4Dt0KIAzU,False,3,find_place,BUST,"Lamarmora, Italy",2021-01-29 20:32:37,0.6923076923076923,"['lodging', 'point_of_interest', 'establishment']"
50WP00000000480W,"Skogstøstraen 37, 4029 Stavanger, Norway","{'location': {'lat': 58.99407540000001, 'lng': 5.6912793}, 'viewport': {'northeast': {'lat': 58.99538237989273, 'lng': 5.692508929892721}, 'southwest': {'lat': 58.99268272010729, 'lng': 5.689809270107277}}}",Stril Power AS,1,ChIJkbnHGFu1O0YRFNp-3wpRZgk,False,3,find_place,BUST,"Myster, Norway",2021-01-29 20:32:39,0.42857142857142855,"['point_of_interest', 'establishment']"
50WP00000000494L,"Nea River, Selbu Municipality, Norway","{'location': {'lat': 63.1731151, 'lng': 11.2073295}, 'viewport': {'northeast': {'lat': 63.2265623, 'lng': 11.3918748}, 'southwest': {'lat': 63.0970208, 'lng': 10.9881478}}}",Nea River,1,ChIJ9fxqf4QBbUYRgxu-COY1whU,True,2,find_place,OK,"Nea, Norway",2021-01-29 20:32:41,0.5,"['natural_feature', 'establishment']"
14W-E110349----M,"Grosser Oschenik See, 9831, Austria","{'location': {'lat': 46.9812289, 'lng': 13.0903527}, 'viewport': {'northeast': {'lat': 46.9859252, 'lng': 13.0949807}, 'southwest': {'lat': 46.9789295, 'lng': 13.0823083}}}",Grosser Oschenik See,1,ChIJm52feVJId0cRHd4JyL_RsWE,True,2,find_place,OK,"Oschenik, Austria",2021-01-29 20:32:43,0.5714285714285714,"['natural_feature', 'establishment']"
14W-BOW-KW-----9,"4073 Wilhering, Austria","{'location': {'lat': 48.3237098, 'lng': 14.1883431}, 'viewport': {'northeast': {'lat': 48.3299931, 'lng': 14.1998081}, 'southwest': {'lat': 48.320131, 'lng': 14.1733713}}}",Wilhering,1,ChIJKRjnaXiac0cRQfTf4x74D6k,True,2,find_place,OK,"Ottensheim Wilhering, Austria",2021-01-29 20:32:45,0.6206896551724138,"['locality', 'political']"
26WIMPI-S03UPTVS,"Gran Paradiso, 11010 Valsavarenche, Aosta Valley, Italy","{'location': {'lat': 45.5183736, 'lng': 7.266588499999999}, 'viewport': {'northeast': {'lat': 45.5261912, 'lng': 7.2825959}, 'southwest': {'lat': 45.5105549, 'lng': 7.2505811}}}",Gran Paradiso,1,ChIJK8BAUrICiUcRDET0oCNss4o,True,2,find_place,OK,"Paraviso, Italy",2021-01-29 20:32:46,0.6666666666666666,"['natural_feature', 'establishment']"
26WIMPI-S20EPYPZ,"Circonvallazione Zona Industriale, 07046 Porto Torres SS, Italy","{'location': {'lat': 40.8326475, 'lng': 8.3776378}, 'viewport': {'northeast': {'lat': 40.83399327989272, 'lng': 8.378990329892723}, 'southwest': {'lat': 40.83129362010728, 'lng': 8.376290670107279}}}",Versalis S.P.A.,1,ChIJ1fDPZQmG3BIRkainb-v4Nek,True,1,find_place,OK,"Polimeri Europa S P Porto Torres electric power plant, Italy",2021-01-29 20:32:47,0.4444444444444444,"['point_of_interest', 'establishment']"
50WP00000000585I,"5760 Røldal, Norway","{'location': {'lat': 59.832353, 'lng': 6.821085399999999}, 'viewport': {'northeast': {'lat': 59.8375216, 'lng': 6.834525699999999}, 'southwest': {'lat': 59.82826839999999, 'lng': 6.8086892}}}",Røldal,1,ChIJt4FINYiwPkYR_IAXSApOygc,True,2,find_place,OK,"Roldal, Norway",2021-01-29 20:32:49,0.8333333333333334,"['locality', 'political']"
32W001100100023Q,"5, 7009 Eastern Industrial Zone, Ruse, Bulgaria","{'location': {'lat': 43.8668298, 'lng': 26.0095855}, 'viewport': {'northeast': {'lat': 43.86819997989272, 'lng': 26.01041097989272}, 'southwest': {'lat': 43.86550032010728, 'lng': 26.00771132010728}}}",Ruse Iztok Power Plant,1,ChIJNbo4MGBnrkAR_C6R_Fxu4FQ,True,1,find_place,OK,"Chp Ruse coal-fired power station, Bulgaria",2021-01-29 20:32:50,0.4,"['point_of_interest', 'establishment']"
26WIMPI-S05SNRV3,"36053 Gambellara, Province of Vicenza, Italy","{'location': {'lat': 45.4570776, 'lng': 11.3419557}, 'viewport': {'northeast': {'lat': 45.4700002, 'lng': 11.3560935}, 'southwest': {'lat': 45.448063, 'lng': 11.3327128}}}",Gambellara,1,ChIJ56WOMqJHf0cR7FWtsbF1TWA,False,3,find_place,BUST,"Sorio, Italy",2021-01-29 20:32:52,0.14634146341463414,"['locality', 'political']"
26WIMPI-S14CTYT4,"86039 Termoli, Province of Campobasso, Italy","{'location': {'lat': 42.0005331, 'lng': 14.9952839}, 'viewport': {'northeast': {'lat': 42.0069327, 'lng': 15.0251581}, 'southwest': {'lat': 41.9666448, 'lng': 14.9646694}}}",Termoli,1,ChIJuTC4TvzMMBMRGN1ShTz0CAo,True,2,find_place,OK,"Termoli, Italy",2021-01-29 20:32:54,1.0,"['locality', 'political']"
26WIMPI-S07VTDR2,"17047 Vado Ligure, Province of Savona, Italy","{'location': {'lat': 44.2647844, 'lng': 8.432131}, 'viewport': {'northeast': {'lat': 44.2822442, 'lng': 8.4501925}, 'southwest': {'lat': 44.2581873, 'lng': 8.4174786}}}",Vado Ligure,30,ChIJfzyS4QTj0hIR3iS4KzXIWmk,True,2,find_place,OK,"Vado Term, Italy",2021-01-29 20:32:57,0.6,"['locality', 'political']"
